"ORF","Feature","AvgLife","Correlation"
"YBR127C","VMA2",5.375,-0.995047351983789
"YOR163W","DDP1",27.1142857142857,-0.994296601007714
"YPL091W","GLR1",22.8444444444444,-0.992978044209016
"YBR106W","PHO88",29.8222222222222,-0.988731231039346
"YBL098W","BNA4",32.6,-0.987776443146593
"YOL016C","CMK2",21.4,-0.981022884319148
"YPR118W","MRI1",23.2,-0.979353983914333
"YKL073W","LHS1",32.6,-0.979194901867438
"YLR335W","NUP2",28.2,-0.978499472484046
"YGL202W","ARO8",26.1363636363636,-0.977448053987599
"YDL053C","PBP4",22.6,-0.977402136508388
"YDL074C","BRE1",17.6,-0.97737025566159
"YJL217W","REE1",26.4,-0.97730440635211
"YEL038W","UTR4",16.6,-0.975511489616113
"YML017W","PSP2",31.3714285714286,-0.9748844309591
"YOL064C","MET22",33.4,-0.973021640587102
"YMR318C","ADH6",27.2444444444444,-0.972749999897349
"YEL063C","CAN1",27.0813953488372,-0.967864515512274
"YLR142W","PUT1",23.4,-0.965553751473316
"YKL094W","YJU3",23.8,-0.964409071929339
"YIR032C","DAL3",29,-0.962495493455498
"YDR354W","TRP4",32.4,-0.962365913839843
"YMR095C","SNO1",29.4,-0.961119283326556
"YBR263W","SHM1",28.5333333333333,-0.957581164597098
"YOL109W","ZEO1",24.8117647058824,-0.955562785361379
"YJL165C","HAL5",27.4,-0.952948113281382
"YKR095W","MLP1",34,-0.952911268980676
"YPR173C","VPS4",26.7529411764706,-0.95169708480059
"YLR351C","NIT3",27.75,-0.950025794457531
"YKR084C","HBS1",35.4615384615385,-0.946649245755745
"YPR069C","SPE3",24,-0.944522816313485
"YJR105W","ADO1",18.6,-0.943675731659183
"YNL044W","YIP3",29.36,-0.943335635096715
"YLR181C","VTA1",29.4,-0.942945998002794
"YCR077C","PAT1",18.2,-0.94059195350956
"YJL123C","MTC1",20.2,-0.939928150855093
"YKR046C","PET10",27.7411764705882,-0.939474101044682
"YCR053W","THR4",3.12,-0.937354330946517
"YHR076W","PTC7",24,-0.929647738475978
"YML022W","APT1",29.6,-0.926978199661805
"YJL117W","PHO86",21.4,-0.925254439581188
"YOR303W","CPA1",23.2,-0.923805259465664
"YGR017W","YGR017W",20.6,-0.921391598650777
"YML036W","CGI121",30.4,-0.918636557658591
"YKR080W","MTD1",20.2,-0.918076406940492
"YNL027W","CRZ1",26.2,-0.91777916298469
"YGR032W","GSC2",27.6,-0.917766363218594
"YOR184W","SER1",23.2,-0.917725230099827
"YOL027C","MDM38",24.2386363636364,-0.91266285370395
"YBR249C","ARO4",26.5333333333333,-0.912420713103097
"YGL105W","ARC1",24.6,-0.912145341477389
"YDL065C","PEX19",28.6976744186047,-0.911759263418564
"YKL216W","URA1",20.7882352941176,-0.909469100080546
"YGR135W","PRE9",20.1022727272727,-0.905720827810333
"YFL018C","LPD1",28.6627906976744,-0.903126760752361
"YDR129C","SAC6",11.92,-0.897991794649453
"YLR380W","CSR1",22.2666666666667,-0.897639994802178
"YOR375C","GDH1",26.1333333333333,-0.897043601965813
"YER031C","YPT31",23.4888888888889,-0.894753943698343
"YER001W","MNN1",30.5384615384615,-0.893002292790887
"YCL044C","MGR1",19.6,-0.892297694855975
"YOR042W","CUE5",21.4,-0.884065207034726
"YGL148W","ARO2",12,-0.883441069513737
"YHR132C","ECM14",22.2,-0.88260453614412
"YPL188W","POS5",12.9777777777778,-0.880602985229962
"YER177W","BMH1",20.1,-0.880485129096804
"YER151C","UBP3",27.6615384615385,-0.878156459337759
"YBL036C","YBL036C",32.75,-0.878055741277309
"YKR039W","GAP1",21.5384615384615,-0.877797460290852
"YBR039W","ATP3",35,-0.875620149303848
"YKL029C","MAE1",22.3111111111111,-0.87441617951259
"YBR015C","MNN2",26.7764705882353,-0.874067693867875
"YNR051C","BRE5",27.0697674418605,-0.873352097626383
"YPL232W","SSO1",27.8888888888889,-0.870188390267941
"YLR354C","TAL1",24.8505747126437,-0.866825665799453
"YPR040W","TIP41",32.2444444444444,-0.864697561546243
"YLR447C","VMA6",3.75806451612903,-0.864320675719837
"YJL055W","YJL055W",23.2,-0.863127949151234
"YDR264C","AKR1",19.0549450549451,-0.863116467004955
"YLL015W","BPT1",30.9883720930233,-0.862318837619875
"YPR159W","KRE6",7.12676056338028,-0.860470933921276
"YNL288W","CAF40",32.125,-0.857342548221955
"YER087W","AIM10",25.8,-0.856591094291472
"YJL101C","GSH1",30.8307692307692,-0.856057235168022
"YBL090W","MRP21",32.4883720930233,-0.85289464567461
"YMR099C","YMR099C",23.2,-0.851440944004418
"YGR193C","PDX1",20.5185185185185,-0.850870576852705
"YLR309C","IMH1",25.7666666666667,-0.850395220561526
"YCL033C","MXR2",25.6,-0.850262357061999
"YML008C","ERG6",28.5285714285714,-0.849477434947702
"YFR006W","YFR006W",28.4,-0.848652520463171
"YMR266W","RSN1",20.4,-0.848322005798955
"YGR111W","YGR111W",22.2,-0.846718847551256
"YGR155W","CYS4",24.6666666666667,-0.845790434871546
"YPL111W","CAR1",30.5777777777778,-0.844798849342508
"YML007W","YAP1",22.8068181818182,-0.842915742196955
"YNL098C","RAS2",24.8735632183908,-0.84108340811658
"YDR035W","ARO3",25.2,-0.837907434807352
"YER134C","YER134C",25.2,-0.832961276213214
"YDR408C","ADE8",23.8,-0.831766114460313
"YHR049W","FSH1",23.8,-0.830885915426694
"YDR234W","LYS4",29.5813953488372,-0.830642398816711
"YLR244C","MAP1",27,-0.824249126790966
"YJR009C","TDH2",26.6941176470588,-0.816127712937094
"YBR078W","ECM33",17.8,-0.815217362375349
"YML115C","VAN1",27.92,-0.813603388316702
"YGL196W","DSD1",24,-0.812406302822382
"YOR323C","PRO2",13.6774193548387,-0.8081932466473
"YDR411C","DFM1",20.2,-0.808159967852521
"YKL113C","RAD27",17.48,-0.806440834889296
"YLR114C","AVL9",35.2,-0.805572088594524
"YLR370C","ARC18",18.5,-0.800424994855556
"YCL043C","PDI1",24.2,-0.798593778446504
"YER004W","FMP52",21.2,-0.790670513311647
"YPR163C","TIF3",17.92,-0.786878165756032
"YLR179C","YLR179C",27.6,-0.786173124375853
"YHR025W","THR1",3.47619047619048,-0.782763912288376
"YDL213C","NOP6",20.8,-0.776855443911498
"YIL016W","SNL1",20.2,-0.77680674018097
"YGL213C","SKI8",22,-0.776288862714747
"YNL157W","IGO1",21.6,-0.769645957099536
"YDL044C","MTF2",30.4,-0.769031963524345
"YDR226W","ADK1",18.2,-0.764859802923337
"YLR220W","CCC1",23.0352941176471,-0.764168628063224
"YNR029C","YNR029C",30.6,-0.760548815416128
"YIL094C","LYS12",26.593023255814,-0.759354296066697
"YKL106W","AAT1",26.2083333333333,-0.75915156565849
"YNL010W","YNL010W",18.8,-0.759001545272522
"YLR429W","CRN1",30.1046511627907,-0.758904197367024
"YFL041W","FET5",27.32,-0.757569741804691
"YLR398C","SKI2",31.52,-0.755696768823423
"YDR050C","TPI1",33.9,-0.749477722914616
"YBL087C","RPL23A",35.1279069767442,-0.747786911966883
"YML123C","PHO84",23.5333333333333,-0.743633958854636
"YDL047W","SIT4",21.5227272727273,-0.736884582679104
"YDL100C","GET3",22,-0.735941682207585
"YDL066W","IDP1",14.9550561797753,-0.734406468678378
"YGR270W","YTA7",22.55,-0.734259622667345
"YGR285C","ZUO1",22,-0.732926485550959
"YJL024C","APS3",22.6,-0.732100027273947
"YOR099W","KTR1",23.5,-0.728373420895307
"YNL168C","FMP41",22.4,-0.726507096141652
"YIR004W","DJP1",27.1,-0.724199603815782
"YJR025C","BNA1",33,-0.721813937589952
"YNL315C","ATP11",18.8103448275862,-0.720208310642924
"YGL241W","KAP114",18.8,-0.72000032112353
"YGR078C","PAC10",21.7777777777778,-0.719650036451648
"YML075C","HMG1",23.5176470588235,-0.699383361514849
"YEL046C","GLY1",18.6,-0.697485158245849
"YDL182W","LYS20",24,-0.697036290778804
"YOR115C","TRS33",25.3,-0.691064437668013
"YJR133W","XPT1",36,-0.687455171066441
"YNL016W","PUB1",20.08,-0.685989483405765
"YIL015W","BAR1",20,-0.681363186801211
"YPL112C","PEX25",22.6,-0.674258503713704
"YJR125C","ENT3",22.2,-0.664458846204903
"YBR121C","GRS1",28.2982456140351,-0.66251097369342
"YKL128C","PMU1",21,-0.657319908181311
"YDL226C","GCS1",21,-0.651493632287591
"YGR038W","ORM1",32.2,-0.642927158867605
"YOR209C","NPT1",18.0666666666667,-0.639965897879321
"YJL034W","KAR2",14.8833333333333,-0.617925829563352
"YGR234W","YHB1",29.4,-0.616014325559969
"YCR088W","ABP1",28.1882352941176,-0.615454907279319
"YML028W","TSA1",13.2795698924731,-0.613274671626606
"YIR029W","DAL2",26.6,-0.612677045272593
"YFL048C","EMP47",26.4651162790698,-0.60752896362828
"YGL252C","RTG2",27.5172413793103,-0.605358327146501
"YDR337W","MRPS28",31.7384615384615,-0.598390086543197
"YER178W","PDA1",15.3010752688172,-0.595284869253904
"YPL178W","CBC2",31.8,-0.593151861007462
"YBL027W","RPL19B",20.6091954022989,-0.592566524557631
"YER048C","CAJ1",22.8,-0.592384872955101
"YKR006C","MRPL13",25.8941176470588,-0.57517718506148
"YAL012W","CYS3",16.8266666666667,-0.568029756795043
"YPR167C","MET16",29.8850574712644,-0.559243286758522
"YHR117W","TOM71",21.7692307692308,-0.550771737134007
"YPL137C","GIP3",26.6,-0.530297931776205
"YER090W","TRP2",28.6,-0.527143948615342
"YPL265W","DIP5",25.7111111111111,-0.526789651665568
"YOR280C","FSH3",24.8,-0.521930476437831
"YCR028C-A","RIM1",23.5116279069767,-0.520551849815166
"YOL147C","PEX11",29.6,-0.519949746971533
"YMR267W","PPA2",26.3555555555556,-0.517523142766806
"YPL271W","ATP15",22.56,-0.503255683399384
"YDR298C","ATP5",27.48,-0.499644715142521
"YNR013C","PHO91",27.72,-0.4945161156794
"YML035C","AMD1",28.0666666666667,-0.494466891626564
"YHR028C","DAP2",22,-0.490290173411542
"YPL262W","FUM1",30.2823529411765,-0.488530470976277
"YGL161C","YIP5",21.6,-0.48179116892017
"YGR200C","ELP2",25.76,-0.459390695198279
"YOR288C","MPD1",33.0888888888889,-0.449413947660147
"YDR144C","MKC7",19,-0.443621773905037
"YDR500C","RPL37B",29.2790697674419,-0.436273488384569
"YCR051W","YCR051W",23.2,-0.434002125713409
"YMR038C","CCS1",28.8,-0.433489413225932
"YPR024W","YME1",16.6923076923077,-0.427907048343713
"YPL208W","RKM1",30.5692307692308,-0.411388528469536
"YHR112C","YHR112C",24.6,-0.403660832682007
"YMR153W","NUP53",23,-0.394900432652973
"YNL233W","BNI4",20,-0.3787920838051
"YJL060W","BNA3",24,-0.378363488629359
"YNL277W","MET2",26.2,-0.371963333857286
"YJR121W","ATP2",14.9894736842105,-0.353562124848524
"YJR001W","AVT1",28.36,-0.345513737984403
"YDR162C","NBP2",31,-0.330617570654324
"YLR250W","SSP120",26,-0.327224427584896
"YER057C","HMF1",29,-0.320523522895502
"YLR083C","EMP70",18.32,-0.314326054742588
"YJR134C","SGM1",24.2,-0.305405382759117
"YNL201C","PSY2",20.6,-0.291709582986145
"YBR009C","HHF1",22.68,-0.284964867214741
"YJL128C","PBS2",17.8,-0.28248572819421
"YLR056W","ERG3",26.2,-0.281664266684126
"YNR006W","VPS27",28.5294117647059,-0.278629078763249
"YIL043C","CBR1",19.4,-0.276884946652428
"YGR124W","ASN2",28.8,-0.270122391456685
"YGL223C","COG1",29.2,-0.255673205368914
"YKL068W","NUP100",24.4,-0.254347683607497
"YMR015C","ERG5",25.9333333333333,-0.252250614563426
"YBL051C","PIN4",17.8,-0.249678182820346
"YGL246C","RAI1",35.3111111111111,-0.242457388417326
"YML048W","GSF2",21.6,-0.242034422192793
"YFL007W","BLM10",28.702380952381,-0.231768665263399
"YBR164C","ARL1",30.8,-0.21154068625437
"YER007C-A","TMA20",27.2,-0.197609906805413
"YGR282C","BGL2",28.6,-0.194195113278241
"YEL036C","ANP1",23.4235294117647,-0.193137603207435
"YNR052C","POP2",11.4,-0.187230934780484
"YLR074C","BUD20",32.08,-0.179485438828185
"YDR289C","RTT103",22.75,-0.176400486692962
"YNR030W","ALG12",18.2613636363636,-0.160523068163063
"YOR202W","HIS3",22.8,-0.153983642162755
"YHR047C","AAP1",15.8,-0.1485840141964
"YLR028C","ADE16",34,-0.145463970445325
"YDR310C","SUM1",23.7,-0.142279231023049
"YKL010C","UFD4",32,-0.137571440652526
"YDR441C","APT2",29.6,-0.136764888911949
"YLL021W","SPA2",31.4,-0.129967804709576
"YBR218C","PYC2",26.093023255814,-0.127543899013311
"YJL186W","MNN5",24,-0.11734069323254
"YLR109W","AHP1",25.56,-0.115415912735551
"YLL028W","TPO1",25.875,-0.115004532497708
"YGL056C","SDS23",27.8,-0.107481079748124
"YGR209C","TRX2",29.5333333333333,-0.101802039981535
"YLR285W","NNT1",22.6,-0.0945575467477175
"YJR109C","CPA2",30,-0.0871170385009755
"YLR357W","RSC2",20.4,-0.0858141142962354
"YKR035W-A","DID2",26.4883720930233,-0.0784197566621606
"YDR071C","PAA1",20,-0.0716185801485882
"YKL175W","ZRT3",22.8,-0.0698796337466848
"YJR047C","ANB1",23.6666666666667,-0.0668999512383254
"YOR283W","YOR283W",27.6,-0.0662828323987635
"YNL055C","POR1",10.3636363636364,-0.0602747998214184
"YDL168W","SFA1",25.8,-0.0435625804583076
"YEL071W","DLD3",25,-0.0328670533874312
"YNL135C","FPR1",22.08,-0.0271232260067156
"YBR205W","KTR3",33.8,-0.0246482833110553
"YPL214C","THI6",25.8,-0.0224850959533389
"YOR211C","MGM1",24.5402298850575,-0.0192867468331254
"YGR152C","RSR1",21.2,-0.0149542402726505
"YNL239W","LAP3",30.3015873015873,-0.00811411328821914
"YPL127C","HHO1",26.5697674418605,-0.00695416676073001
"YNL231C","PDR16",24.6,-0.00566396156267814
"YKL127W","PGM1",23,-0.00443490811901403
"YDR098C","GRX3",27.1333333333333,-0.00393331884476096
"YOR085W","OST3",25.8769230769231,0.00275232459038465
"YER156C","YER156C",32.6,0.0341095355421515
"YLR200W","YKE2",24.48,0.0448412805155449
"YLR387C","REH1",25.8333333333333,0.0476168962509711
"YJL196C","ELO1",19.6,0.0531921981203973
"YBL032W","HEK2",15.2,0.0623757627040967
"YPL078C","ATP4",27.8541666666667,0.0625378204049877
"YOR222W","ODC2",23.64,0.0694083983448722
"YIL010W","DOT5",27.6590909090909,0.0697772938533598
"YKR065C","PAM17",23.9111111111111,0.0714885975532115
"YPL037C","EGD1",22.8,0.0823005014145144
"YLR027C","AAT2",23.6,0.0841097425739399
"YPL145C","KES1",34,0.0885501883875476
"YPL213W","LEA1",9.6,0.0906894767688182
"YDR394W","RPT3",17.65,0.0945825969519534
"YPL065W","VPS28",18.4,0.100401524516235
"YBL037W","APL3",19,0.100759695185764
"YJR139C","HOM6",6.75555555555556,0.103092348358019
"YJL088W","ARG3",24,0.105497676782187
"YJR075W","HOC1",19.2,0.117758260665683
"YNL138W","SRV2",11.4,0.122553133943241
"YPL225W","YPL225W",27.4,0.129568834063931
"YDR483W","KRE2",20.8,0.136135740823808
"YDR245W","MNN10",10.1441441441441,0.139647282930771
"YMR115W","MGR3",31.4,0.140299948938408
"YDR486C","VPS60",28.2209302325581,0.148423190134837
"YER019W","ISC1",13.0888888888889,0.156154196031718
"YJL115W","ASF1",9.04166666666667,0.160577142185598
"YEL015W","EDC3",29.8,0.168264748166922
"YPR060C","ARO7",19.4,0.169261585534211
"YDR335W","MSN5",30.16,0.185857855879808
"YGR184C","UBR1",21.2,0.186221394182975
"YIL038C","NOT3",25.4,0.19109717042301
"YMR054W","STV1",26,0.19326127081169
"YPL105C","SYH1",30.3764705882353,0.194046241154954
"YDR368W","YPR1",30.8,0.207026177253516
"YMR243C","ZRC1",32.6,0.217854986760555
"YDR063W","AIM7",23.8,0.220128998940954
"YGR210C","YGR210C",25,0.230987353956151
"YNL104C","LEU4",25.4,0.232584109566458
"YDR452W","PPN1",21.8,0.24822964411609
"YKL080W","VMA5",6.28947368421053,0.255303496487125
"YNL085W","MKT1",25,0.259492241244955
"YFL021W","GAT1",24.8023255813953,0.26524060109056
"YHR045W","YHR045W",22.6,0.271026256769463
"YHR114W","BZZ1",20.8,0.273065220003152
"YHR041C","SRB2",16.6666666666667,0.277086236235146
"YDR005C","MAF1",28.0348837209302,0.282047638451612
"YHL034C","SBP1",21.2,0.284556581429574
"YDL101C","DUN1",19.75,0.291124536301657
"YER017C","AFG3",12.5824175824176,0.297065057535164
"YJR010W","MET3",31.5058823529412,0.302603124550499
"YNL243W","SLA2",7.4,0.303458991024695
"YER014W","HEM14",36.7833333333333,0.304076320890168
"YCL009C","ILV6",23.6,0.304928987396506
"YML106W","URA5",32.2,0.315048014752841
"YNL169C","PSD1",13.9322033898305,0.322532032694251
"YDR158W","HOM2",11.6823529411765,0.326661448542739
"YJL183W","MNN11",27.6666666666667,0.329653046697965
"YOR091W","TMA46",32.4,0.329761150649067
"YER070W","RNR1",24.125,0.331288058327021
"YKL212W","SAC1",15.8947368421053,0.334310104609777
"YOL052C","SPE2",24.4,0.339274357654579
"YOR123C","LEO1",25.16,0.342322219353308
"YMR129W","POM152",27.4,0.342503079876593
"YGR181W","TIM13",21.2,0.342568116163867
"YGR180C","RNR4",6.2,0.345081612835581
"YIL052C","RPL34B",36.2093023255814,0.347105527445556
"YDL171C","GLT1",30.25,0.347574652285268
"YEL051W","VMA8",9.6,0.350303707472653
"YBL007C","SLA1",11.375,0.352633310850414
"YHR135C","YCK1",23.4,0.355142909251198
"YOL143C","RIB4",12.4,0.359513295696451
"YPR145W","ASN1",29.0581395348837,0.36218376355588
"YFR047C","BNA6",23.4,0.385681983545946
"YBR291C","CTP1",19.4666666666667,0.393347840326998
"YMR071C","TVP18",31.8,0.394890021144574
"YDL236W","PHO13",29.6,0.406672403796525
"YBL102W","SFT2",26.4444444444444,0.407410233611992
"YJR144W","MGM101",22,0.410739653320781
"YKL140W","TGL1",26.2,0.411116315752453
"YML078W","CPR3",25.5,0.422868091454005
"YJR066W","TOR1",14.1578947368421,0.431015003748129
"YCR090C","YCR090C",27.8,0.436276592167296
"YGR125W","YGR125W",21.2,0.438517686485941
"YPL031C","PHO85",12.5230769230769,0.447861444490835
"YOR171C","LCB4",29.1428571428571,0.448310975544129
"YOR230W","WTM1",23.6,0.448880431116543
"YLR401C","DUS3",18,0.454260227498408
"YDR121W","DPB4",23.7790697674419,0.460762731426737
"YLR113W","HOG1",22.4767441860465,0.462818519820357
"YGR202C","PCT1",21.2,0.49126428624549
"YNL330C","RPD3",21.6630434782609,0.493237286412627
"YGR261C","APL6",23.28,0.493931463768288
"YNL087W","TCB2",25.8,0.496646988994732
"YFL044C","OTU1",22.8,0.501592593115428
"YDR465C","RMT2",30.5692307692308,0.506523626074318
"YBR054W","YRO2",25.8953488372093,0.510743170141265
"YBR025C","OLA1",21,0.511288708620165
"YOR136W","IDH2",15.1,0.51551117969935
"YGL115W","SNF4",22.3863636363636,0.515627448057018
"YFL047W","RGD2",19.4,0.519094171838068
"YML012W","ERV25",32.14,0.521038760312297
"YJL052W","TDH1",24.6,0.525224847007432
"YLR312W-A","MRPL15",27.8620689655172,0.52936036691415
"YNL307C","MCK1",23.2,0.531676436272576
"YLR373C","VID22",13.5555555555556,0.53253505364319
"YBR221C","PDB1",11.0412371134021,0.532704027017016
"YDR155C","CPR1",29.5647058823529,0.533614499373986
"YHL011C","PRS3",28.2,0.53464059454924
"YDL189W","RBS1",33.08,0.5385770353497
"YPL139C","UME1",19,0.551529875352111
"YGL151W","NUT1",26.8,0.553560757091703
"YFL004W","VTC2",23.4,0.553953313635078
"YFL026W","STE2",27,0.568204398360862
"YDR297W","SUR2",29.8,0.57103956421662
"YER176W","ECM32",28.2333333333333,0.572139888771602
"YPL263C","KEL3",26.3230769230769,0.573740102915721
"YDL240W","LRG1",31.2,0.580727244200718
"YMR125W","STO1",21.6,0.583055769728784
"YDL144C","YDL144C",20,0.583353120974962
"YMR202W","ERG2",26.4,0.583464801595661
"YIL121W","QDR2",34.6,0.584876039577298
"YJL184W","GON7",18.1,0.585181967345791
"YLR201C","COQ9",18.7333333333333,0.586949334342589
"YHR039C","MSC7",18.6,0.587240610065773
"YDL086W","YDL086W",21.6,0.589122547881527
"YBL057C","PTH2",27.4,0.591410575239134
"YMR006C","PLB2",22.6,0.59711992863327
"YDR262W","YDR262W",21.4,0.599680191046343
"YLR180W","SAM1",22.8390804597701,0.611148549237903
"YGL027C","CWH41",23.4,0.613681084749318
"YJR077C","MIR1",25.9770114942529,0.614693745607258
"YHR037W","PUT2",22,0.614966101843842
"YPL195W","APL5",26.6,0.616247790447372
"YDL178W","DLD2",32.8,0.617430950497854
"YNL281W","HCH1",24.4,0.622904977057416
"YNL180C","RHO5",19.4,0.623431212178501
"YDL131W","LYS21",21.4,0.631854899495936
"YOR131C","YOR131C",23.7,0.632089285596895
"YFR010W","UBP6",18.8620689655172,0.638778220690972
"YPL116W","HOS3",28,0.644110709191049
"YER052C","HOM3",11.7882352941176,0.64603255534405
"YMR083W","ADH3",25.906976744186,0.646384979493111
"YOR354C","MSC6",27.6,0.646597689221197
"YJR111C","YJR111C",29.6,0.647345710192379
"YKL206C","ADD66",23.8,0.647597148007018
"YDR395W","SXM1",29.6,0.64794562141213
"YML067C","ERV41",31.0222222222222,0.648205362927516
"YKL069W","YKL069W",20.6,0.653429923115763
"YER091C","MET6",26.3218390804598,0.653788146516774
"YNL154C","YCK2",32,0.654571567405466
"YHR121W","LSM12",24.4,0.65511623648444
"YGR157W","CHO2",21.2,0.655792832539073
"YGL125W","MET13",22.6,0.656802781678953
"YOL059W","GPD2",20,0.657069503535242
"YKL057C","NUP120",13.2,0.66095633245429
"YDR300C","PRO1",23.5777777777778,0.666239039645441
"YMR116C","ASC1",21.2,0.669429292182936
"YNL220W","ADE12",31.4,0.670999651280846
"YGL228W","SHE10",25.4,0.675601174466973
"YGR012W","YGR012W",18.2,0.675705159869016
"YLR225C","YLR225C",19,0.677656032820706
"YMR029C","FAR8",26.2,0.678194505652628
"YER055C","HIS1",28.4,0.681953256567236
"YIR035C","YIR035C",24.48,0.685538696045273
"YIL116W","HIS5",19,0.685590342643661
"YLR384C","IKI3",27.5,0.68583669144098
"YIL103W","DPH1",31,0.68890726081053
"YDR294C","DPL1",22.52,0.689156765237624
"YHR108W","GGA2",26,0.689276467288844
"YFR030W","MET10",31.8604651162791,0.693088845474887
"YIL066C","RNR3",31.9714285714286,0.69329016783318
"YPR028W","YOP1",15.6,0.699021897293309
"YKL008C","LAC1",27.5568181818182,0.72026825514017
"YCL057W","PRD1",25.4,0.721662202172814
"YDR135C","YCF1",28.325,0.723626877022
"YGL135W","RPL1B",31.1294117647059,0.724154530905675
"YOR061W","CKA2",36.5411764705882,0.728215638398255
"YLL048C","YBT1",30.2375,0.729092083234973
"YMR216C","SKY1",29.2,0.729156288867232
"YOR175C","ALE1",23.5,0.729801638939884
"YBR229C","ROT2",23.1,0.730056258834386
"YNL041C","COG6",28.8,0.730390255621389
"YNL123W","NMA111",28.6,0.730759811363251
"YKR018C","YKR018C",26.4,0.7338543141888
"YOL049W","GSH2",24.8666666666667,0.733987933796368
"YML073C","RPL6A",35.5,0.735178238386126
"YLR133W","CKI1",30.2,0.736161154815532
"YDL051W","LHP1",25.4,0.736553814553944
"YDL122W","UBP1",25.3555555555556,0.736996126553675
"YNR040W","YNR040W",28.6,0.737144729963623
"YKL135C","APL2",18.8,0.739344719912955
"YPL019C","VTC3",19.8,0.739780086271481
"YOR141C","ARP8",29.56,0.740378157078507
"YBR281C","DUG2",27.8,0.740837500498502
"YDR379W","RGA2",23.6,0.742071756299346
"YOR043W","WHI2",13.6,0.742201016193136
"YDL198C","GGC1",22.7126436781609,0.742261952147585
"YLR450W","HMG2",27.9076923076923,0.747719739618152
"YDR233C","RTN1",29.0232558139535,0.748988210566559
"YDR033W","MRH1",24.6222222222222,0.749412342959612
"YBR177C","EHT1",19.8666666666667,0.753870581656538
"YML124C","TUB3",30.4166666666667,0.756461454549505
"YGL014W","PUF4",32.2571428571429,0.757308179143414
"YGR204W","ADE3",25.4,0.758392396140407
"YJL140W","RPB4",28.8,0.762104409968706
"YOR212W","STE4",20.4,0.763379732928396
"YKL213C","DOA1",25.4,0.767052011103705
"YLR436C","ECM30",28.56,0.768007685675957
"YLR418C","CDC73",21.4,0.775734321906104
"YDR176W","NGG1",24.1555555555556,0.776505776432114
"YOR187W","TUF1",34,0.780454048912479
"YPL032C","SVL3",24.2,0.781052151689462
"YMR313C","TGL3",27.0444444444444,0.781244696471692
"YHR073W","OSH3",24.04,0.786611980899622
"YDR194C","MSS116",34.3255813953488,0.788566236819513
"YLR058C","SHM2",28.28,0.788958332726525
"YGR033C","TIM21",20.56,0.793142107238631
"YGL167C","PMR1",26.906976744186,0.793693807388007
"YLR325C","RPL38",25.5142857142857,0.794092199685597
"YOL061W","PRS5",31.4,0.794445671281285
"YOR221C","MCT1",20,0.795097276485763
"YJL130C","URA2",22.6436781609195,0.799747955222626
"YGL232W","TAN1",28.2,0.802782146741811
"YJR070C","LIA1",24.6,0.802794518565895
"YKL079W","SMY1",22.52,0.803114346711262
"YDR097C","MSH6",30.65,0.804538762998453
"YKR001C","VPS1",30.8,0.808415376731327
"YBR010W","HHT1",26.64,0.809634300102414
"YJR103W","URA8",20.7532467532468,0.810265973700829
"YIL035C","CKA1",18,0.810901910223139
"YKR059W","TIF1",14.5795454545455,0.81460765307194
"YML056C","IMD4",28.2,0.81595528725311
"YOR270C","VPH1",29.5813953488372,0.815984176710495
"YBL079W","NUP170",9.7,0.81601409975858
"YMR080C","NAM7",18.2,0.817513974063373
"YJR099W","YUH1",25.2,0.817738880361538
"YMR027W","YMR027W",24.8,0.819733292858375
"YOR001W","RRP6",23.6,0.82217846185332
"YCR002C","CDC10",31.8,0.822635076893551
"YMR205C","PFK2",28.2,0.824152866547002
"YDR304C","CPR5",29.32,0.824755946079098
"YBR272C","HSM3",28.2,0.828487325363233
"YPR004C","AIM45",30.48,0.829206719506232
"YDL116W","NUP84",14.3777777777778,0.82952979714423
"YCR021C","HSP30",18.6,0.832230370120073
"YNL297C","MON2",28.2,0.832934380113867
"YFR024C-A","LSB3",30.3488372093023,0.837325201569073
"YIL030C","SSM4",25.2674418604651,0.839059450655683
"YNL069C","RPL16B",35.0967741935484,0.840477239041684
"YMR242C","RPL20A",35.775,0.842099362868515
"YML052W","SUR7",20.6,0.842462802980499
"YDR502C","SAM2",23.8,0.842881395029614
"YOL058W","ARG1",29.8735632183908,0.843493172606651
"YPR128C","ANT1",23.4,0.844717276138103
"YDR127W","ARO1",21.8,0.84486573873745
"YJL201W","ECM25",27.4,0.844941529274529
"YHL007C","STE20",16.0769230769231,0.849096872212423
"YPL129W","TAF14",22.0674157303371,0.850821031691751
"YNL321W","VNX1",26.72,0.852299498588956
"YBR058C","UBP14",28,0.853086790088576
"YDR399W","HPT1",33.6,0.854955175376781
"YPL023C","MET12",24.2,0.855539563009459
"YLR330W","CHS5",22,0.855628394042139
"YOR317W","FAA1",21.2,0.856173487739263
"YJL082W","IML2",17.6,0.856617092128361
"YHR039C-A","VMA10",5.30769230769231,0.856887996340068
"YOL032W","OPI10",37.4,0.858873638908639
"YER080W","AIM9",28.1818181818182,0.859702576057753
"YGR231C","PHB2",9.1078431372549,0.860377078119705
"YJL124C","LSM1",23.8,0.86368106051156
"YJL180C","ATP12",7.625,0.863715881476038
"YDL095W","PMT1",24.1954022988506,0.865695629971186
"YDR019C","GCV1",32.8,0.866108595096381
"YIL039W","TED1",24.2,0.866755761489749
"YDR237W","MRPL7",22.4666666666667,0.868596407718363
"YIL009W","FAA3",27.6,0.868769191463312
"YDR477W","SNF1",32.632183908046,0.870252143177076
"YGR080W","TWF1",17.4,0.872625564226267
"YDR517W","GRH1",32.08,0.872983796397604
"YNL252C","MRPL17",26.9651162790698,0.873818724926215
"YOR165W","SEY1",16.6,0.875352703812921
"YNR021W","YNR021W",24.2,0.87657048189705
"YIL098C","FMC1",23.4,0.877320169336845
"YMR272C","SCS7",18.2,0.878479694080141
"YLR095C","IOC2",23.68,0.879581285820296
"YIL130W","ASG1",29.4,0.880476805183245
"YLR410W","VIP1",26.56,0.88447069201583
"YDL188C","PPH22",29.9186046511628,0.884675342355814
"YLR209C","PNP1",26.4,0.885649482280005
"YGR279C","SCW4",27.8,0.886120356132326
"YER081W","SER3",22.8,0.887389427341782
"YDR221W","GTB1",23.8,0.887394968249321
"YLR399C","BDF1",24,0.887478670837708
"YPR036W","VMA13",4.15322580645161,0.88801984043351
"YGL206C","CHC1",6.4,0.888697380831932
"YLL029W","FRA1",31.48,0.88898194916517
"YMR152W","YIM1",25.25,0.891104084316834
"YOR133W","EFT1",17.8,0.891557391719248
"YOR112W","CEX1",25.8,0.893661526255974
"YEL031W","SPF1",24.8,0.894331183240744
"YGR165W","MRPS35",28.1333333333333,0.894945055521549
"YJR142W","YJR142W",18.8,0.899228745291131
"YOR158W","PET123",28.7790697674419,0.899310139981586
"YJR005W","APL1",25.6,0.900588698084143
"YDL052C","SLC1",22.8,0.901223031719918
"YKL081W","TEF4",20,0.90178674607017
"YHR018C","ARG4",19.4942528735632,0.902057046825218
"YGR254W","ENO1",23.9885057471264,0.903660539331117
"YDL075W","RPL31A",34.2758620689655,0.905235071944404
"YMR237W","BCH1",27.28,0.90540635304171
"YGL026C","TRP5",34,0.905972314030166
"YLR442C","SIR3",23.5232558139535,0.906342300543263
"YPL059W","GRX5",21,0.90682036553632
"YOL057W","YOL057W",33.56,0.908493022033069
"YDR165W","TRM82",27.4,0.908887657801442
"YIR034C","LYS1",19.6,0.911456254340553
"YBR283C","SSH1",16.4,0.912342882520747
"YJL053W","PEP8",29.3333333333333,0.912616506313516
"YJL207C","LAA1",18.2,0.912894103480651
"YGR054W","YGR054W",23.7,0.913466138140288
"YMR109W","MYO5",21.4,0.914941655829066
"YOR241W","MET7",17.1411764705882,0.915651727473735
"YHR183W","GND1",30.9230769230769,0.916854869790369
"YLR118C","YLR118C",33.2,0.917036055185198
"YMR189W","GCV2",30.36,0.917174808293377
"YOL086C","ADH1",8.05405405405405,0.919354476019306
"YER122C","GLO3",14.2,0.919755062945919
"YML072C","TCB3",28.7093023255814,0.919757274053954
"YLR452C","SST2",25.9230769230769,0.924386677583163
"YGR189C","CRH1",21.2,0.925024207505216
"YIL076W","SEC28",30.3953488372093,0.925410011499966
"YGL012W","ERG4",27.4222222222222,0.925837972342471
"YDR457W","TOM1",16.4090909090909,0.925880506858661
"YBR115C","LYS2",32,0.928157552589349
"YGL195W","GCN1",22.8,0.933384691420922
"YIL074C","SER33",33.4,0.933784947930351
"YGR240C","PFK1",27.1395348837209,0.934743523101509
"YIL088C","AVT7",27.2,0.934790420569165
"YLR389C","STE23",24.2,0.934823659326644
"YCL035C","GRX1",14,0.935668318600072
"YBR146W","MRPS9",29.7093023255814,0.936097339350081
"YAL035W","FUN12",16.975,0.936893249645886
"YDR229W","IVY1",25.6,0.939285291382665
"YJL080C","SCP160",29.3295454545455,0.9393232229259
"YKL039W","PTM1",25.8,0.940539127937204
"YKR082W","NUP133",14.4,0.941918406530325
"YDR055W","PST1",28.4545454545455,0.942904421642505
"YPR074C","TKL1",32.2674418604651,0.943172547939119
"YKL157W","APE2",24.2,0.944526125088034
"YPL090C","RPS6A",27.8620689655172,0.944941521877751
"YIL137C","TMA108",23.2,0.944943790704793
"YGL084C","GUP1",27.6,0.945588642371505
"YBR035C","PDX3",16.6,0.945626131365029
"YLR148W","PEP3",16.2,0.946105196032334
"YCL030C","HIS4",28.593023255814,0.946404022535508
"YFR009W","GCN20",25.9666666666667,0.946447278770846
"YFL028C","CAF16",23,0.948378513835958
"YML103C","NUP188",25,0.948657319946994
"YDR346C","SVF1",17,0.949850606178885
"YPR029C","APL4",20,0.950163890997883
"YML110C","COQ5",21.6571428571429,0.95216357858131
"YER056C","FCY2",23.8488372093023,0.952349198679789
"YJR117W","STE24",34.6,0.954991450167334
"YMR012W","CLU1",28.22,0.955839905647334
"YBL099W","ATP1",7.41964285714286,0.956102399121028
"YLR052W","IES3",25.8,0.957374367949303
"YMR247C","RKR1",23.6,0.957602366387778
"YIL128W","MET18",30.6,0.957859838405765
"YAL016W","TPD3",10.9882352941176,0.95802225855656
"YEL013W","VAC8",19.4,0.959900799898579
"YEL056W","HAT2",23.2,0.960612092930583
"YMR089C","YTA12",20.5393258426966,0.961072305340697
"YLR433C","CNA1",25.08,0.961331264156481
"YPL161C","BEM4",19.3409090909091,0.961625734332486
"YGR192C","TDH3",29.3372093023256,0.962567425977038
"YMR231W","PEP5",14.16,0.96337919532801
"YHR158C","KEL1",25.9666666666667,0.964189488891055
"YKL191W","DPH2",17,0.964493958715834
"YOR160W","MTR10",22.6516853932584,0.965875069848711
"YNL121C","TOM70",16.5647058823529,0.967175344315917
"YGL141W","HUL5",18.6,0.968760064004003
"YMR246W","FAA4",26.8,0.969320901199536
"YLR172C","DPH5",21.4,0.972845510741869
"YDL137W","ARF2",29,0.973121229526624
"YBR094W","PBY1",28.2,0.973272183283658
"YGL039W","YGL039W",22.8,0.975077411276714
"YPL106C","SSE1",26.96,0.975420967633236
"YMR092C","AIP1",29.2,0.975483550432785
"YDR322W","MRPL35",27.3777777777778,0.97602152256559
"YML086C","ALO1",25.7555555555556,0.976284783418619
"YOR126C","IAH1",24.2,0.976678431533735
"YDL125C","HNT1",31.2,0.978838305531489
"YGL256W","ADH4",31.3411764705882,0.978880335380164
"YJL012C","VTC4",25.44,0.980310158362876
"YGR061C","ADE6",26.2,0.980998023253997
"YJL121C","RPE1",28.8352941176471,0.982416065336216
"YBL056W","PTC3",24.4,0.982702531448627
"YOR128C","ADE2",32.8,0.984995710340187
"YMR120C","ADE17",25,0.985293324880346
"YPL270W","MDL2",18.1230769230769,0.985673120924158
"YNL229C","URE2",22.9885057471264,0.988201628903699
"YPL048W","CAM1",26.96,0.988277135507119
"YER155C","BEM2",15.2,0.989062462181283
"YOR014W","RTS1",37.7333333333333,0.995037230207911
